{
  "1": {
    "recall": 0.0,
    "map": 0.0
  },
  "3": {
    "recall": 0.047619047619047616,
    "map": 0.027777777777777776
  },
  "5": {
    "recall": 0.06428571428571428,
    "map": 0.031111111111111107
  },
  "10": {
    "recall": 0.11984126984126985,
    "map": 0.03666666666666666
  }
}